URL Searched,Still There,Moved,New URL,Repo ID
https://github.com/vmware/cloud-director-typescript-clients,True,True,https://github.com/vmware-archive/cloud-director-typescript-clients,308584027.0
https://github.com/department-of-veterans-affairs/ngl_wisconsin,False,False,,
https://github.com/department-of-veterans-affairs/sparkcql,True,True,https://github.com/department-of-veterans-affairs/cql-transpiler,639956125.0
https://github.com/go-chassis/paas-lager,True,True,https://github.com/go-chassis/seclog,117544837.0
https://github.com/microsoft/commercial-marketplace-samples,True,True,https://github.com/microsoft/commercial-marketplace-solutions,315439189.0
https://github.com/vmware/nsx-integration-for-openshift,True,True,https://github.com/vmware-archive/nsx-integration-for-openshift,106504230.0
https://github.com/vmware/o11n-plugin-crypto,True,True,https://github.com/vmware-archive/o11n-plugin-crypto,89524221.0
https://github.com/vmware/upgrade-framework,True,True,https://github.com/vmware-archive/upgrade-framework,20893538.0
https://github.com/vmware-labs/build-inspector,True,True,https://github.com/vmware-archive/build-inspector,585255272.0
https://github.com/vmware-archive/transport,True,False,https://github.com/vmware-archive/transport,313633674.0
https://github.com/microsoft/woodgrove-music,True,False,https://github.com/microsoft/woodgrove-music,687895806.0
https://github.com/vmware-samples/accessibility-visual-report,True,True,https://github.com/vmware-archive/accessibility-visual-report,433702327.0
https://github.com/sagold/gson-query,True,True,https://github.com/sagold/json-query,73640351.0
https://github.com/npm/inflight,True,True,https://github.com/isaacs/inflight-DEPRECATED-DO-NOT-USE,19442260.0
https://github.com/appscode/jsonpatch,True,True,https://github.com/gomodules/jsonpatch,123558994.0
https://github.com/vmware-archive/vmware-cloud-on-aws-sizing-powershell-script,True,False,https://github.com/vmware-archive/vmware-cloud-on-aws-sizing-powershell-script,341622608.0
https://github.com/vmware-archive/vrops-restapi-samples,True,False,https://github.com/vmware-archive/vrops-restapi-samples,132617673.0
https://github.com/vmware-archive/vrealize-operations-customizations,True,False,https://github.com/vmware-archive/vrealize-operations-customizations,132902462.0
https://github.com/vmware-archive/ansible-role-greengrass-init,True,False,https://github.com/vmware-archive/ansible-role-greengrass-init,140378345.0
https://github.com/azure/external-metrics-injestion-agent,True,True,https://github.com/Azure/external-metrics-ingestion-agent,564283596.0
https://github.com/geomscale/gsoc2021,True,True,https://github.com/GeomScale/gsoc21,337766689.0
https://github.com/vmware/ansible-role-microsoft-azure-edge,True,True,https://github.com/vmware-archive/ansible-role-microsoft-azure-edge,153466151.0
https://github.com/vmware-labs/vms-for-slurm,True,True,https://github.com/vmware-archive/vms-for-slurm,361912513.0
https://github.com/vmware/vmaccel,True,True,https://github.com/vmware-archive/vmaccel,175495462.0
https://github.com/vmware-samples/people-counter-engagement,True,True,https://github.com/vmware-archive/people-counter-engagement,258640371.0
https://github.com/vmware-labs/api-data-collector,True,True,https://github.com/vmware-archive/api-data-collector,546293444.0
https://github.com/vmware-samples/cloud-director-service-migration,True,True,https://github.com/vmware-archive/cloud-director-service-migration,543456007.0
https://github.com/keycloak/keycloak-gh-actionbot,False,False,,
https://github.com/jaegertracing/jaeger-lib,True,False,https://github.com/jaegertracing/jaeger-lib,71133899.0
https://github.com/jakartaee/jws-api,True,False,https://github.com/jakartaee/jws-api,148361999.0
https://github.com/vmware/nerpa,True,True,https://github.com/vmware-archive/nerpa,353534754.0
https://github.com/alphagov/di-account-rad,True,True,https://github.com/alphagov/di-report-a-death,655655502.0
https://github.com/vmware-samples/vcd-ext-samples,True,True,https://github.com/vmware-archive/vcd-ext-samples,160258945.0
https://github.com/gogs/go-gogs-client,True,False,https://github.com/gogs/go-gogs-client,26600640.0
https://github.com/azure/azure-docs-sdk-dotnet.es-es,False,False,,
https://github.com/azure/azure-cosmos-table-python,True,False,https://github.com/Azure/azure-cosmos-table-python,105323559.0
https://github.com/microsoft/entra,False,False,,
https://github.com/azure/fta-enterprisereadystorage,False,False,,
https://github.com/microsoft/vscode-azure-blockchain-ethereum,False,False,,
https://github.com/azure/adl-rules-template,False,False,,
https://github.com/azure/projectluna,False,False,,
https://github.com/azure/fta-japan,False,False,,
https://github.com/azure/avdblueprint,False,False,,
https://github.com/azure/codegenapp,False,False,,
https://github.com/azure/arc-vmm-arm-rest,False,False,,
https://github.com/azure/azure-docs-sdk-dotnet.sv-se,False,False,,
https://github.com/azure/azure-docs-sdk-dotnet.de-de,False,False,,
https://github.com/microsoft/mcw-high-performance-computing,False,False,,
https://github.com/azure/mtm-tech-enablement-labs,True,True,https://github.com/Azure/mtm-labs,614057991.0
https://github.com/azure/opentelemetry-demo,True,True,https://github.com/Azure/Azure-kusto-opentelemetry-demo,616650629.0
https://github.com/microsoft/mcw-intelligent-vending-machines,False,False,,
https://github.com/microsoft/applicationinsights-python,True,False,https://github.com/microsoft/ApplicationInsights-Python,26877260.0
https://github.com/microsoft/mcw-predictive-maintenance-for-remote-field-devices,False,False,,
https://github.com/microsoft/mcw-optimized-architecture,False,False,,
https://github.com/microsoft/mcw-cloud-native-applications,False,False,,
https://github.com/microsoft/mcw-internet-of-things,False,False,,
https://github.com/microsoft/mcw-security-baseline-on-azure,False,False,,
https://github.com/microsoft/mcw-template-cloud-workshop,False,False,,
https://github.com/microsoft/mcw-modern-cloud-apps,False,False,,
https://github.com/microsoft/mcw-sap-netweaver-on-azure,False,False,,
https://github.com/microsoft/mcw-migrate-edw-to-azure-sql-data-warehouse,False,False,,
https://github.com/microsoft/mcw-building-a-resilient-iaas-architecture,False,False,,
https://github.com/microsoft/mcw-continuous-delivery-in-azure-devops,False,False,,
https://github.com/microsoft/mcw-serverless-architecture,False,False,,
https://github.com/microsoft/msccl-scheduler,True,True,https://github.com/Azure/msccl-scheduler,606945663.0
https://github.com/microsoft/a_comparative_study_of_llm_based_conversational_semantic_parsing,True,True,https://github.com/microsoft/few_shot_adaptation_for_parsing_contextual_utterances_with_llms,632670142.0
https://github.com/saltstack/salt-pack,True,True,https://github.com/vmware-archive/salt-pack,47988358.0
https://github.com/saltstack/pytest-coverage-contexts,True,True,https://github.com/vmware-archive/pytest-coverage-contexts,230279240.0
https://github.com/microsoft/robust-models-transfer,False,False,,
https://github.com/microsoft/azure_spatial_anchors_ros,False,False,,
https://github.com/containerd/cri,True,False,https://github.com/containerd/cri,88211060.0
https://github.com/carpentries/docs.carpentries.org,True,False,https://github.com/carpentries/docs.carpentries.org,524199950.0
https://github.com/moby/spdystream,True,False,https://github.com/moby/spdystream,20544129.0
https://github.com/google/taglesscrm,False,False,,
https://github.com/gsa/staging-review,False,False,,
https://github.com/enterprise-cmcs/palet,False,False,,
https://github.com/cdcgov/erhms-info-manager,False,False,,
https://github.com/alphagov/re-team-manual,False,False,,
https://github.com/sunpy/old-package-template,False,False,,
https://github.com/scikit-hep/uproot3,True,False,https://github.com/scikit-hep/uproot3,102874853.0
https://github.com/sagold/gson-pointer,True,True,https://github.com/sagold/json-pointer,73638221.0
https://github.com/jakartaee/jax-ws-api,True,False,https://github.com/jakartaee/jax-ws-api,148361798.0
https://github.com/paradigm4/llsg,False,False,,
https://github.com/department-of-veterans-affairs/design-system,True,True,https://github.com/department-of-veterans-affairs/design-system-OLD,103283288.0
https://github.com/pivotal-cf/docs-rabbitmq-pcf,False,False,,
https://github.com/bitnami/azure-marketplace-charts,False,False,,
https://github.com/pivotal-cf/docs-vmware-harbor,False,False,,
https://github.com/pivotal-cf/docs-aws-services,False,False,,
https://github.com/pivotal-cf/docs-pcf-windows,False,False,,
https://github.com/pivotal-cf/docs-tiledev,False,False,,
https://github.com/pivotal-cf/docs-pas,False,False,,
https://github.com/vmware/transport-typescript,True,True,https://github.com/vmware-archive/transport-typescript,267477204.0
https://github.com/bbc/matterhorn,False,False,,
https://github.com/jakartaee/saaj-api,True,False,https://github.com/jakartaee/saaj-api,146575720.0
https://github.com/greenplum-db/pivotalr,False,False,,
https://github.com/css-modules/icss-replace-symbols,True,True,https://github.com/css-modules/icss-utils,42766912.0
https://github.com/conda-forge/numpy-sugar-feedstock,False,False,,
https://github.com/vmware/vcd-cli,True,True,https://github.com/vmware-archive/vcd-cli,27605383.0
https://github.com/vmware/cloud-director-ext-emulators,True,True,https://github.com/vmware-archive/cloud-director-ext-emulators,308595432.0
https://gitlab.com/gitlab-org/gitlab,False,False,,
https://github.com/apache/causeway-app-petclinic,True,False,https://github.com/apache/causeway-app-petclinic,195791429.0
https://github.com/vmware-archive/perl-net-sharepoint-basic,True,False,https://github.com/vmware-archive/perl-net-sharepoint-basic,167426117.0
https://github.com/azure/ap5gc-partner-tools,True,True,https://github.com/Azure/AP5GC-Vendor-Tools,603199656.0
https://github.com/microsoft/cbl-marinervulnerabilitydata,True,True,https://github.com/microsoft/AzureLinuxVulnerabilityData,318640052.0
https://github.com/vmware-archive/snapshot-diff-library,True,False,https://github.com/vmware-archive/snapshot-diff-library,366147404.0
https://github.com/vmware-archive/vrealize-suite-lifecycle-manager-sdk,True,False,https://github.com/vmware-archive/vrealize-suite-lifecycle-manager-sdk,108947856.0
https://github.com/vmware-archive/ansible-role-microsoft-azure-iot,True,False,https://github.com/vmware-archive/ansible-role-microsoft-azure-iot,153465794.0
https://github.com/microsoft/microsoft-ignite-2022-after-parties,True,True,https://github.com/microsoft/Microsoft-Community-Led-Parties,539157164.0
https://github.com/apache/logging-flume-twitter,True,False,https://github.com/apache/logging-flume-twitter,615488773.0
https://github.com/carvel-dev/difflib,True,False,https://github.com/carvel-dev/difflib,232616273.0
https://github.com/vmware/copenapi,True,True,https://github.com/vmware-archive/copenapi,73517594.0
https://github.com/vmware-samples/people-counter-ingestion,True,True,https://github.com/vmware-archive/people-counter-ingestion,226203867.0
https://github.com/vmware/ansible-role-greengrass-awscli,True,True,https://github.com/vmware-archive/ansible-role-greengrass-awscli,140378099.0
https://github.com/vmware/cloud-to-edge,True,True,https://github.com/vmware-archive/cloud-to-edge,153466524.0
https://github.com/vmware-labs/ui-guided-tours,True,True,https://github.com/vmware-archive/ui-guided-tours,315695320.0
https://github.com/cmsgov/macpro-quickstart-serverless-infra,True,True,https://github.com/Enterprise-CMCS/macpro-quickstart-serverless-infra,353382448.0
https://github.com/microsoft/azure-chat-with-your-photos-demo,False,False,,
https://github.com/microsoft/turkana-camp-roof-mapping,False,False,,
https://github.com/microsoft/woodgrove-vid,False,False,,
https://github.com/go-chassis/openlog,True,False,https://github.com/go-chassis/openlog,146725831.0
https://github.com/chromedp/sysutil,True,False,https://github.com/chromedp/sysutil,77187805.0
https://github.com/cmsgov/serverless-iam-helper,True,True,https://github.com/Enterprise-CMCS/serverless-iam-helper,400234949.0
https://github.com/sassoftware/edx-theme,False,False,,
https://github.com/sassoftware/edx-demo-course,False,False,,
https://github.com/sassoftware/configuration,False,False,,
https://github.com/sassoftware/iot-esp-and-omnio-integration,False,False,,
https://github.com/sassoftware/quickstart-sas-viya,False,False,,
https://github.com/sassoftware/restaf-graphql-demo,False,False,,
https://github.com/sassoftware/iot-load-data-to-cas-using-mas,False,False,,
https://github.com/serverless-devs/core,True,False,https://github.com/Serverless-Devs/core,299179746.0
https://github.com/vmware-archive/test-automation-for-web-applications,True,False,https://github.com/vmware-archive/test-automation-for-web-applications,447053791.0
https://github.com/aws/codewhisperer-command-line-discussions,True,True,https://github.com/aws/q-command-line-discussions,720269251.0
https://github.com/vmware/ansible-module-vcloud-director,True,True,https://github.com/vmware-archive/ansible-module-vcloud-director,132650038.0
https://github.com/igraph/igraph.r-universe.dev,True,False,https://github.com/igraph/igraph.r-universe.dev,577731757.0
https://github.com/vmware-samples/sonarqube-plugin-for-java,True,True,https://github.com/vmware-archive/SonarQube-Plugin-for-Java,425674658.0
https://github.com/bbc/dazzler-edit,False,False,,
https://github.com/confidential-containers/cloud-providers,False,False,,
https://github.com/confidential-containers/peerpod-ctrl,False,False,,
https://github.com/vmware/vcd-ext-sdk,True,True,https://github.com/vmware-archive/vcd-ext-sdk,121799175.0
https://github.com/vmware/ansible-aws-greengrass,True,True,https://github.com/vmware-archive/ansible-aws-greengrass,123977024.0
https://github.com/vmware/pyvcloud,True,True,https://github.com/vmware-archive/pyvcloud,26552706.0
https://github.com/vmware/bitfusion-with-kubernetes-integration,True,True,https://github.com/vmware-archive/bitfusion-with-kubernetes-integration,311261462.0
https://github.com/vmware/vmware-cloud-director-ui-components,True,True,https://github.com/vmware-archive/vmware-cloud-director-ui-components,224441644.0
https://github.com/vmware-samples/webassembly-browser-apps,True,True,https://github.com/vmware-archive/webassembly-browser-apps,528728573.0
https://github.com/vmware-labs/repository-editor-for-tuf,True,True,https://github.com/vmware-archive/repository-editor-for-tuf,385603049.0
https://github.com/vmware/database-stream-processor,True,True,https://github.com/vmware-archive/database-stream-processor,438397086.0
https://github.com/joyent/node-http-signature,True,True,https://github.com/TritonDataCenter/node-http-signature,2048781.0
https://github.com/vmware/metadata-reaper-for-kafka,True,True,https://github.com/vmware-archive/metadata-reaper-for-kafka,632487087.0
https://github.com/vmware/bare-metal-server-integration-with-nsxt,True,True,https://github.com/vmware-archive/bare-metal-server-integration-with-nsxt,148253888.0
https://github.com/jaegertracing/jaeger-client-go,True,False,https://github.com/jaegertracing/jaeger-client-go,56550961.0
https://github.com/codedellemc/goscaleio,True,True,https://github.com/thecodeteam/goscaleio,31781950.0
https://github.com/vmware-archive/clarity-city,True,False,https://github.com/vmware-archive/clarity-city,181727342.0
https://github.com/cilium/ebpf.io-summit,False,False,,
https://github.com/vmware-archive/cloud-automation-samples,True,False,https://github.com/vmware-archive/cloud-automation-samples,202598805.0
https://github.com/vmware/cloud-to-edge-config-ui,True,True,https://github.com/vmware-archive/cloud-to-edge-config-ui,154689518.0
https://github.com/vmware-archive/photon-controller-go-sdk,True,False,https://github.com/vmware-archive/photon-controller-go-sdk,51312632.0
https://github.com/vmware/clarity-assets,True,True,https://github.com/vmware-archive/clarity-assets,156885234.0
https://github.com/tmpvar/defaults,True,True,https://github.com/sindresorhus/node-defaults,7985040.0
https://github.com/vmware-archive/vsan-integration-for-prometheus,True,False,https://github.com/vmware-archive/vsan-integration-for-prometheus,247123640.0
https://github.com/microsoft/powerbi-visuals-utils-onobjectformatting,True,True,https://github.com/microsoft/powerbi-visuals-utils-onobjectutils,731057031.0
https://github.com/docker/go,True,False,https://github.com/docker/go,39724995.0
https://github.com/jakartaee/enterprise-beans,True,False,https://github.com/jakartaee/enterprise-beans,135178463.0
https://github.com/hdrhistogram/hdrhistogram-go,True,False,https://github.com/HdrHistogram/hdrhistogram-go,21802784.0
https://github.com/pivotal-cf/docs-pivotalcf-console,False,False,,
https://github.com/vmware-archive/transport-java,True,False,https://github.com/vmware-archive/transport-java,313633196.0
https://github.com/vmware-tanzu/buildkit-cli-for-kubectl,True,True,https://github.com/vmware-archive/buildkit-cli-for-kubectl,306426878.0
https://github.com/vectordotdev/regex,False,False,,
https://github.com/vectordotdev/docusaurus,False,False,,
https://github.com/paradigm4/summarize,False,False,,
https://github.com/curiefense/curiefense,False,False,,
https://github.com/department-of-veterans-affairs/appeals-devops-jenkins,False,False,,
https://github.com/hhs/dscolab---spring-2020-cohort,False,False,,
https://github.com/nietowilson/diabeticscol,False,False,,
https://github.com/microsoft/docs,False,False,,
https://github.com/microsoft/azure-data-services-go-fast-codebase,False,False,,
https://github.com/skypy/bootstrap,False,False,,
https://github.com/streamich/freebsd,False,False,,
https://github.com/paradigm4/sg_free_cross_between,False,False,,
https://github.com/paradigm4/collate,False,False,,
https://github.com/department-of-veterans-affairs/tech-jam-2013---islington-green,False,False,,
https://github.com/bbc/programmes-preview,False,False,,
https://github.com/department-of-veterans-affairs/tech-jam-2013---ibm-federal,False,False,,
https://github.com/streamich/glamorous,False,False,,
https://github.com/department-of-veterans-affairs/tech-jam-2013---infusion-,False,False,,
https://github.com/department-of-veterans-affairs/tech-jam-2013---team-11,False,False,,
https://github.com/paradigm4/scripts,False,False,,
https://github.com/getsentry/scratch.codecov-flakiness,False,False,,
https://github.com/hashicorp/learn-terraform-cloud,True,True,https://github.com/hashicorp-education/learn-terraform,464935169.0
https://github.com/pivotal-cf/docs-identity,False,False,,
https://github.com/pivotal-cf/docs-build-service,False,False,,
https://github.com/microsoft/windows-sandbox-utilities,True,True,https://github.com/microsoft/Windows-Sandbox,249845293.0
https://github.com/noaa-orr-erd/mapbox_earcut-feedstock,False,False,,
https://github.com/sassoftware/edx-ora,False,False,,
https://github.com/sassoftware/python-esppy,False,False,,
https://github.com/failsafe787/bittyrant,False,False,,
https://github.com/pivotal-cf/docs-gemfire-for-tas,False,False,,
https://github.com/paradigm4/stream,False,False,,
https://github.com/pivotal-cf/docs-addon-compliance-tools,False,False,,
https://github.com/greenplum-db/plcontainer,False,False,,
https://github.com/greenplum-db/gporca,False,False,,
https://github.com/gnome/seed,False,False,,
https://github.com/gnome/perl-gtk2,False,False,,
https://github.com/gnome/chronojump-web,False,False,,
https://github.com/paradigm4/equi_join,False,False,,
https://github.com/sassoftware/xqueue,False,False,,
https://github.com/pivotal-cf/docs-redis,False,False,,
https://github.com/microsoft/brokered-winrt-components,False,False,,
https://github.com/intel/tdx-tools,False,False,,
https://github.com/sunpy/gallery,False,False,,
https://github.com/azure/azure-docs-sdk-dotnet.fr-fr,False,False,,
https://github.com/microsoft/mcw-iot-and-the-smart-city,False,False,,
https://github.com/microsoft/mcw-azure-blockchain,False,False,,
https://github.com/microsoft/aspnetcore-react-webapp,False,False,,
https://github.com/microsoft/ossarium,False,False,,
https://github.com/microsoft/swagger-ui,False,False,,
https://github.com/aserto-dev/aserto-idp-plugin-okta,False,False,,
https://github.com/gallowsdove/ostrava,False,False,,
https://github.com/aserto-dev/idp-plugin-sdk,False,False,,
https://github.com/aserto-dev/aserto-idp-seed,False,False,,
https://github.com/aserto-dev/aserto-idp-sync,False,False,,
https://github.com/sourcegraph/sourcegraph,False,False,,
https://github.com/pivotal-cf/docs-metrics,False,False,,
https://github.com/gsa/odp-tf-gcp-stackdriver,False,False,,
https://github.com/department-of-veterans-affairs/ngl_oklahoma,False,False,,
https://github.com/cloudhealth/activerecord-mysql-reconnect,False,False,,
https://github.com/opentofu/homebrew-opentofu,False,False,,
https://github.com/intel/rpbs,False,False,,
https://github.com/bengland2/une_stats,False,False,,
https://github.com/bengland2/openstack-osd-discovery,False,False,,
https://github.com/bengland2/stockpile,False,False,,
https://github.com/micro/network,False,False,,
https://github.com/scilifelabdatacentre/development-guidelines,False,False,,
https://github.com/aserto-dev/aserto-idp-plugin-json,False,False,,
https://github.com/genepattern/scgsea,True,True,https://github.com/genepattern/Single.Cell.ssGSEA,644574176.0
https://github.com/sassoftware/quickstart-sas-viya-azure,False,False,,
https://github.com/bengland2/dpdk-pingpong,False,False,,
https://github.com/thenativeweb/boolean,False,False,,
https://github.com/anaconda/terraform-aws-rds-cluster,False,False,,
https://github.com/pivotal-cf/docs-scheduler,False,False,,
https://github.com/openrewrite/rewrite-circleci,False,False,,
https://github.com/openrewrite/rewrite-concourse,False,False,,
https://github.com/openrewrite/rewrite-sql,False,False,,
https://github.com/openrewrite/rewrite-ruby,False,False,,
https://github.com/openrewrite/rewrite-ai-search,False,False,,
https://github.com/openrewrite/rewrite-github-actions,True,False,https://github.com/openrewrite/rewrite-github-actions,390014687.0
https://github.com/kiegroup/wildfly,False,False,,
https://github.com/azure/responsible-ai-hub,False,False,,
https://github.com/azure/flux2-gitops,False,False,,
https://github.com/commaai/agnos,False,False,,
https://github.com/openrewrite/rewrite-kubernetes,False,False,,
https://github.com/fanniemaeopensource/hackudt-2023,False,False,,
https://github.com/microsoft/c2pa-content-credentials-validator,False,False,,
https://github.com/department-of-veterans-affairs/health-apis-data-query,False,False,,
https://github.com/department-of-veterans-affairs/caseflow-commons,False,False,,
https://github.com/department-of-veterans-affairs/ngl_rhode_island,False,False,,
https://github.com/department-of-veterans-affairs/ngl-arizona-,False,False,,
https://github.com/department-of-veterans-affairs/lighthouse-facilities,False,False,,
https://github.com/department-of-veterans-affairs/redacted-public-release-bms-v3-v2.4-iter-4-oct-2019,False,False,,
https://github.com/department-of-veterans-affairs/health-apis-datamart-synthetic-records,False,False,,
https://github.com/department-of-veterans-affairs/health-apis-ids,False,False,,
https://github.com/department-of-veterans-affairs/health-apis-community-care-eligibility,False,False,,
https://github.com/department-of-veterans-affairs/jarranger-maven-plugin,False,False,,
https://github.com/department-of-veterans-affairs/lighthouse-benefits-gateway-services,False,False,,
https://github.com/department-of-veterans-affairs/developer-portal,False,False,,
https://github.com/department-of-veterans-affairs/lighthouse-vulcan,False,False,,
https://github.com/department-of-veterans-affairs/lighthouse-mock-benefits-gateway-services,False,False,,
https://github.com/cisagov/ansible-role-pypy,False,False,,
https://github.com/department-of-veterans-affairs/lighthouse-starter-datamart,False,False,,
https://github.com/digitalservicebund/ris-reports,False,False,,
https://github.com/gsa/odp-tf-google-sql,False,False,,
https://github.com/cisagov/ansible-role-disable-thp,False,False,,
https://github.com/owasp/www-project-my-sample-documentation-project,False,False,,
https://github.com/sassoftware/intern,False,False,,
https://github.com/bbc/devx-templates,False,False,,
https://github.com/cdcgov/covid19-rt,False,False,,
https://github.com/fedora-infra/automate-packaging-tracker,False,False,,
https://github.com/sassoftware/restaf-graphql-server,False,False,,
https://github.com/sassoftware/iot-ingest-data-into-cas-from-sas-esp,False,False,,
https://github.com/longhorn/samba,False,False,,
https://github.com/sassoftware/content-sdk,False,False,,
https://github.com/desmondsanctity/circe-klinikos,False,False,,
https://github.com/open-telemetry/opentelemetry-profiling,False,False,,
https://github.com/vectordotdev/tcp_server,False,False,,
https://github.com/microsoft/mcw-migrating-oracle-to-azure-sql-and-postgresql,False,False,,
https://github.com/microsoft/mcw,False,False,,
https://github.com/microsoft/mobile-chest-x-ray-analysis,False,False,,
https://github.com/microsoft/mcw-business-continuity-and-disaster-recovery,False,False,,
https://github.com/microsoft/mcw-analyzing-text-with-azure-machine-learning-and-cognitive-services,False,False,,
https://github.com/microsoft/autoseg-monai-himl,False,False,,
https://github.com/skypy/cloaked-octo-sansa,False,False,,
https://github.com/skypy/blue,False,False,,
https://github.com/mdanalysis/mdanalysistutorial,False,False,,
https://github.com/sunpy/azure-pipelines-template,False,False,,
https://github.com/betaflight/betaflight-pull-requests,False,False,,
https://github.com/gsa/beta-gsa,False,False,,
https://github.com/hhs/acf-ohsepr-dart-frontend,False,False,,
https://github.com/paradigm4/load_tools,False,False,,
https://github.com/worldhealthorganization/push_to_emrs,False,False,,
https://github.com/permify/permify-swagger,False,False,,
https://github.com/paradigm4/knn,False,False,,
https://github.com/near/docs-generator,False,False,,
https://github.com/stolostron/acmqe-ci,False,False,,
https://github.com/dotnet/fsharp-api-docs,False,False,,
https://github.com/dotnet/node-externals,False,False,,
https://github.com/eclipse/tm,False,False,,
https://github.com/openela-main/dbus-c-,False,False,,
https://github.com/smallnest/mping-rs,False,False,,
https://github.com/canonical/lxd-agent-loader,False,False,,
https://github.com/helium/helium-foundation-terraform,False,False,,
https://github.com/paradigm4/accelerated_io_tools,False,False,,
https://github.com/cockroachdb/molt,False,False,,
https://github.com/redhatinsights/snow-service-graph-connector-rh-insights,False,False,,
https://github.com/osohq/oso-browser-quickstart,False,False,,
https://github.com/osohq/zanzibar,False,False,,
https://github.com/redhat-developer/codeready-workspaces-deprecated,False,False,,
https://github.com/prisma/prisma-json-types-generator,False,False,,
https://github.com/clean-dependency-project/spring-framework53-fnma,False,False,,
https://github.com/intel/fineibt_testing,False,False,,
https://github.com/microsoft/mcw-securing-paas,False,False,,
https://github.com/microsoft/mcw-linux-lift-and-shift,False,False,,
https://github.com/sunpy/conda-sync,False,False,,
https://github.com/skypy/sample,False,False,,
https://github.com/sassoftware/spanner,False,False,,
https://github.com/department-of-veterans-affairs/ngl-georgia,False,False,,
https://github.com/department-of-veterans-affairs/ngl_idaho,False,False,,
https://github.com/department-of-veterans-affairs/ngl-indiana,False,False,,
https://github.com/department-of-veterans-affairs/ngl_wyoming,False,False,,
https://github.com/department-of-veterans-affairs/ngl-california,False,False,,
https://github.com/department-of-veterans-affairs/ngl-missouri,False,False,,
https://github.com/department-of-veterans-affairs/ngl-idaho,False,False,,
https://github.com/department-of-veterans-affairs/ngl_illnois,False,False,,
https://github.com/department-of-veterans-affairs/ngl-vermont,False,False,,
https://github.com/department-of-veterans-affairs/ngl-rhode-island,False,False,,
https://github.com/department-of-veterans-affairs/ngl-washingtondc,False,False,,
https://github.com/bitnami/charts-docs,False,False,,
https://github.com/department-of-veterans-affairs/lombok-xjc-plugin,False,False,,
https://github.com/department-of-veterans-affairs/ngl-foreign-addresses,False,False,,
https://github.com/department-of-veterans-affairs/ngl-louisiana,False,False,,
https://github.com/department-of-veterans-affairs/caseflow-frontend-toolkit,False,False,,
https://github.com/microsoft/cimetrics,False,False,,
https://github.com/hhs/eis-pmo-inventorytracking,False,False,,
https://github.com/sassoftware/jobmaster,False,False,,
https://github.com/scientific-python/blog.scientific-python.org-comments,False,False,,
https://github.com/pivotal-cf/docs-mysql-pas,False,False,,
https://github.com/pivotal-cf/docs-metric-store,False,False,,
https://github.com/sassoftware/quickstart-sas-viya-common,False,False,,
https://github.com/mdanalysis/mdanalysiscookbook,False,False,,
https://github.com/econ-ark/remark-starter-example,False,False,,
https://github.com/sunpy/gallery_old,False,False,,
https://github.com/sunpy/sunpy-bot,False,False,,
https://github.com/bengland2/badfish,False,False,,
https://github.com/bengland2/benchmark-wrapper,False,False,,
https://github.com/bengland2/automated_ceph_test,False,False,,
https://github.com/warrant-dev/socal-infra-devtools-companies,False,False,,
https://github.com/warrant-dev/templates,False,False,,
https://github.com/paradigm4/af,False,False,,
https://github.com/smallnest/xdp,False,False,,
https://github.com/paradigm4/scidb-julia,False,False,,
https://github.com/kiwix/kiwix-android-nightly,False,False,,
https://github.com/paradigm4/finance,False,False,,
https://github.com/clean-dependency-project/spring-framework-fnma53-web,False,False,,
https://github.com/microsoft/regla,False,False,,
https://github.com/microsoft/autopredoptconnector,False,False,,
https://github.com/microsoft/businesscentralhelloworld.appsource,False,False,,
https://github.com/microsoft/lsg-python-brownbag,False,False,,
https://github.com/microsoft/azhcicss,False,False,,
https://github.com/microsoft/sql-migration-azuresql-poc,False,False,,
https://github.com/microsoft/omnichannel-chat-sdk-samples,False,False,,
https://github.com/microsoft/brainstorm-fluidframework-m365-azure,False,False,,
https://github.com/microsoft/linux-tracer,False,False,,
https://github.com/microsoft/react-swa-workshop-template,False,False,,
https://github.com/microsoft/demosaicer,False,False,,
https://github.com/microsoft/edge-device-image-builder-public-preview,False,False,,
https://github.com/microsoft/customdpp,False,False,,
https://github.com/microsoft/azure-data-services-go-fast-codebase-es-dlz,False,False,,
https://github.com/streamich/p4-ui,False,False,,
https://github.com/saltstack/pr-comments-test,False,False,,
https://github.com/google/evergreen-checker,False,False,,
https://github.com/streamich/rockey,False,False,,
https://github.com/elastic/apm-pipeline-library-mp,False,False,,
https://github.com/elastic/sast-pov-kibana2,False,False,,
https://github.com/intel/simics-fpga-examples,False,False,,
https://github.com/azure/set,False,False,,
https://github.com/azure/wordpress-on-linux-app-service-plugins,False,False,,
https://github.com/azure/gpt_ale,False,False,,
https://github.com/graalvm/syft,False,False,,
https://github.com/azure/terraform-azure-azureacademy-avd-lab,False,False,,
https://github.com/azure/accelerator-spring-apps,False,False,,
https://github.com/graalvm/downloads,False,False,,
https://github.com/department-of-veterans-affairs/ngl-wisconsin,False,False,,
https://github.com/department-of-veterans-affairs/ngl-alaska-,False,False,,
https://github.com/department-of-veterans-affairs/ngl_new_hampshire,False,False,,
https://github.com/department-of-veterans-affairs/ngl_new-york,False,False,,
https://github.com/department-of-veterans-affairs/ruby-bgs,False,False,,
https://github.com/department-of-veterans-affairs/ngl_new-jersey,False,False,,
https://github.com/department-of-veterans-affairs/ngl-wyoming,False,False,,
https://github.com/digitalservicebund/platform-playground,False,False,,
https://github.com/alphagov/notifications-functional-tests-callback-app,False,False,,
https://github.com/alphagov/special-route-publisher,False,False,,
https://github.com/microsoft/microsoftlearnstudentambassadors,False,False,,
https://github.com/microsoft/geneva,False,False,,
https://github.com/curiefense/curiefense.github.io,False,False,,
https://github.com/pivotal-cf/docs-csb-gcp,False,False,,
https://github.com/greenplum-db/greenplum-db-for-debian,False,False,,
https://github.com/sassoftware/bob,False,False,,
https://github.com/sassoftware/appengine,False,False,,
https://github.com/graalvm/3rd-parties,False,False,,
https://github.com/graalvm/scaladays2018-demos,False,False,,
https://github.com/graalvm/taming-build-time-initialization,False,False,,
https://github.com/microsoft/mwt-ds-louiemart,False,False,,
https://github.com/microsoft/partsunlimited,False,False,,
https://github.com/fixie-ai/fixie-sdk-python,False,False,,
https://github.com/microsoft/availability-monitor-for-kafka,False,False,,
https://github.com/intel/rpbs-mips,False,False,,
https://github.com/microsoft/botbuilder-location,False,False,,
https://github.com/microsoft/experfanalyzer,False,False,,
https://github.com/microsoft/partnercenter-gdaptransition,False,False,,
https://github.com/intel/pretraining-with-intel-accelerators-gpu,False,False,,
https://github.com/cosmos/cosmos-brand-guide,False,False,,
https://github.com/intel/esp-profile-redhat,False,False,,
https://github.com/openvinotoolkit/testrepo,False,False,,
https://github.com/intel/mfit-storage-lib,False,False,,
https://github.com/intel/rpbs-telemetry,False,False,,
https://github.com/intel/tdx-stacks,False,False,,
https://github.com/microsoft/mcw-migrating-sql-databases-to-azure,False,False,,
https://github.com/intel/mfit,False,False,,
https://github.com/paradigm4/scidb-py,False,False,,
https://github.com/intel/perf-hfsort,False,False,,
https://github.com/intel/intel-operator-for-telegraf-agent,False,False,,
https://github.com/hashicorp/learn-terramino-digitalocean,False,False,,
https://github.com/intel/x86s,False,False,,
https://github.com/microsoft/digitaljustice,False,False,,
https://github.com/microsoft/mcw-leveraging-azure-digital-twins-in-a-supply-chain,False,False,,
https://github.com/microsoft/mcw-building-the-business-migration-case-with-linux-and-oss-db-to-azure,False,False,,
https://github.com/microsoft/mcw-sap-plus-extend-and-innovate-with-data-and-ai,False,False,,
https://github.com/microsoft/mcw-ai-led-business-process-automation,False,False,,
https://github.com/microsoft/orchestrator,False,False,,
https://github.com/microsoft/defender-connect,False,False,,
https://github.com/streamich/javascriptstuff-db,False,False,,
https://github.com/microsoft/security-devops-policy,False,False,,
https://github.com/dragonflyoss/backend,False,False,,
https://github.com/postmanlabs/open-technologies-docs,False,False,,
https://github.com/microsoft/mcw-modernizing-data-analytics-with-sql-server-2019,False,False,,
https://github.com/soulwallet/soul-wallet-corelib-deprecated,False,False,,
https://github.com/microsoft/vscode-azure-agent,False,False,,
https://github.com/paradigm4/chunk_unique,False,False,,
https://github.com/bengland2/cbt,False,False,,
https://github.com/bengland2/bohica,False,False,,
https://github.com/department-of-veterans-affairs/ngl_louisiana,False,False,,
https://github.com/paradigm4/ganglia_python_modules,False,False,,
https://github.com/department-of-veterans-affairs/ngl_montana,False,False,,
https://github.com/department-of-veterans-affairs/ngl_pennsylvania,False,False,,
https://github.com/department-of-veterans-affairs/caseflow-monitor,False,False,,
https://github.com/cmsgov/ab2d-bcda-sample-python-fhirconnectathon-july2023,False,False,,
https://github.com/paradigm4/scidb-tornado,False,False,,
https://github.com/sassoftware/rpath-models,False,False,,
https://github.com/worldhealthorganization/mnf-anthro-analyzer-offline,False,False,,
https://github.com/apache/logging-flume-morphline,True,False,https://github.com/apache/logging-flume-morphline,615489092.0
https://github.com/apache/logging-flume-scribe,True,False,https://github.com/apache/logging-flume-scribe,615488984.0
https://github.com/vmware-archive/date-and-time-pattern-detection,True,False,https://github.com/vmware-archive/date-and-time-pattern-detection,548891532.0
https://github.com/bokeh/badges,False,False,,
https://github.com/paradigm4/dev_tools,False,False,,
https://github.com/microsoft/supervisord-watchdog,False,False,,
https://github.com/microsoft/diffyconfiganalyzer,True,False,https://github.com/microsoft/DiffyConfigAnalyzer,758600264.0
https://github.com/azure/eraser-scanner-template,True,True,https://github.com/eraser-dev/eraser-scanner-template,576041689.0
https://github.com/quantecon/book-dp1,False,False,,
https://github.com/jakartaee/jaxb-api,True,False,https://github.com/jakartaee/jaxb-api,146575135.0
https://github.com/pivotal-cf/docs-ops-manager,False,False,,
https://github.com/microsoft/unifiedlabelingsupporttool,True,True,https://github.com/microsoft/ComplianceUtility,379189526.0
https://github.com/vmware/sql-to-dbsp-compiler,True,True,https://github.com/vmware-archive/sql-to-dbsp-compiler,495984099.0
https://github.com/gsa/edx,False,False,,
https://github.com/xgi/streamlink,False,False,,
https://github.com/confidential-containers/peerpodconfig-ctrl,False,False,,
https://github.com/linux-application-whitelisting/fapolicyd-performance,False,False,,
https://github.com/ansible/ansible-on-clouds-dev-docs,False,False,,
https://github.com/ansible/awx-resource-go-operator,False,False,,
https://github.com/grafana/grafana-ci-config,False,False,,
https://github.com/grafana/cognito-idpool-auth,False,False,,
https://github.com/eclipse-uprotocol/up-client-zenoh-java,False,False,,
https://github.com/microsoft/mcw-oss-devops,False,False,,
https://github.com/microsoft/mcw-intelligent-analytics,False,False,,
https://github.com/saltstack/vsphere-automation-sdk-python,False,False,,
https://github.com/kcl-lang/mindwm-gitops-kcl,False,False,,
https://github.com/sassoftware/ease,False,False,,
https://github.com/microsoft/mcw-securing-azure-iot-solutions,False,False,,
https://github.com/microsoft/mcw-implementing-azure-virtual-desktop-in-the-enterprise,False,False,,
https://github.com/microsoft/waflab,False,False,,
https://github.com/project-codeflare/integration-tests,False,False,,
https://github.com/paradigm4/scidb-shiny-auth,False,False,,
https://github.com/warrant-dev/homebrew-warrant,False,False,,
https://github.com/warrant-dev/plugin-image-zoom,False,False,,
https://github.com/microsoft/pstn-callrecord-plan-alerts,False,False,,
https://github.com/netflix/titus-controllers-api,False,False,,
https://github.com/department-of-veterans-affairs/ngl-pennsylvania,False,False,,
https://github.com/18f/polyfill-service,False,False,,
https://github.com/department-of-veterans-affairs/ngl_oregon,False,False,,
https://github.com/department-of-veterans-affairs/ngl_gldelaware,False,False,,
https://github.com/keycloak/kcinit,False,False,,
https://github.com/alphagov/notifications-paas-route-service,False,False,,
https://github.com/sassoftware/bigitr,False,False,,
https://github.com/hibernate/dtd,False,False,,
https://github.com/kubevirt/vmctl,False,False,,
https://github.com/kubevirt/kvm-info-nfd-plugin,False,False,,
https://github.com/paradigm4/nbbo-example,False,False,,
https://github.com/soulwallet/stackup-bundler,False,False,,
https://github.com/bbc/iplayer-web-code-pipeline-prototype,False,False,,
https://github.com/paradigm4/limit,False,False,,
https://github.com/bitnami/arcanist-extensions,False,False,,
https://github.com/department-of-veterans-affairs/ngl_south_carolina,False,False,,
https://github.com/department-of-veterans-affairs/ngl-august-2015,False,False,,
https://github.com/department-of-veterans-affairs/ngl_maryland,False,False,,
https://github.com/department-of-veterans-affairs/ngl_north_dakota,False,False,,
https://github.com/department-of-veterans-affairs/ngl-massachusetts,False,False,,
https://github.com/department-of-veterans-affairs/ngl_nebraska,False,False,,
https://github.com/sassoftware/rpath-xmllib,False,False,,
https://github.com/alphagov/pay-egress,False,False,,
https://github.com/sassoftware/cs_comments_service,False,False,,
https://github.com/sassoftware/quickstart-sas-viya-gcp,False,False,,
https://github.com/owasp/www-pdf-archive,False,False,,
https://github.com/sassoftware/bob-plans,False,False,,
https://github.com/sassoftware/wmiclient,False,False,,
https://github.com/sassoftware/restaf-apiexplorer,False,False,,
https://github.com/sassoftware/forester,False,False,,
https://github.com/sassoftware/virk,False,False,,
https://github.com/sassoftware/restaf-uicomponents,False,False,,
https://github.com/sassoftware/visual-analytics-sdk,False,False,,
https://github.com/sassoftware/quickstart-sas-grid,False,False,,
https://github.com/sassoftware/iot-enhanced-data-load-macro,False,False,,
https://github.com/openela-main/libsigc-20,False,False,,
https://github.com/microsoft/mcw-enterprise-ready-cloud,False,False,,
https://github.com/openela-main/perl-text-tabs-wrap,False,False,,
https://github.com/openela-main/memtest86-,False,False,,
https://github.com/canonical/ubuntu-old-fashioned,False,False,,
https://github.com/canonical/dotnet-ubuntu-helper,False,False,,
https://github.com/sassoftware/discern,False,False,,
https://github.com/microsoft/mcw-mobile-app-innovation,False,False,,
https://github.com/department-of-veterans-affairs/lighthouse-maven-starter,False,False,,
https://github.com/department-of-veterans-affairs/redacted-public-release-bms-v4-webb_2_21-build-1-mar-2021,False,False,,
https://github.com/pivotal-cf/docs-nist,False,False,,
https://github.com/sassoftware/sas-on-cf,False,False,,
https://github.com/sassoftware/jobslave,False,False,,
https://github.com/sassoftware/unravl,False,False,,
https://github.com/sassoftware/activate,False,False,,
https://github.com/pivotal/docs-credhub-service-broker,False,False,,
https://github.com/paradigm4/basic_training,False,False,,
https://github.com/paradigm4/grouped_aggregate,False,False,,
https://github.com/getsentry/answers,False,False,,
https://github.com/getsentry/session-replay-analyzer,False,False,,
https://github.com/department-of-veterans-affairs/mhv-fhir-phr-mapping,False,False,,
https://github.com/hhs/acf-ohsepr-dart-backend,False,False,,
https://github.com/department-of-veterans-affairs/appeals-consumer,False,False,,
https://github.com/department-of-veterans-affairs/ruby_claim_evidence_api,False,False,,
https://github.com/warrant-dev/awesome-dev-conferences,False,False,,
https://github.com/cfpb/complaint-prototypes,False,False,,
https://github.com/openshift/operator-framework-kapp-controller,False,False,,
https://github.com/okd-project/rhel-edge-automation-arch,False,False,,
https://github.com/okd-project/tekton-catalog,False,False,,
https://github.com/cloudhealth/terraform-cloudhealth-iam,False,False,,
https://github.com/department-of-veterans-affairs/ngl_foreign_addresses,False,False,,
https://github.com/department-of-veterans-affairs/ngl-maine,False,False,,
https://github.com/gsa/odp-tf-aws-ref-arch-vpc,False,False,,
https://github.com/pivotal/docs-cluster-essentials,False,False,,
https://github.com/cloudhealth/puppet-rest,False,False,,
https://github.com/ebay/homereplication,False,False,,
https://github.com/keycloak/keycloak-playground,False,False,,
https://github.com/gnome/gnome-modulesets,False,False,,
https://github.com/okd-project/moc,False,False,,
https://github.com/openela-main/dvd-rw-tools,False,False,,
https://github.com/canonical/ubuntu-old-fashioned-1,False,False,,
https://github.com/greenplum-db/greenplum-database-release,False,False,,
https://github.com/microsoft/mcw-sap-hana-on-azure,False,False,,
https://github.com/microsoft/fr-dai-team-portal,False,False,,
https://github.com/bokeh/bokeh-scala-sample,False,False,,
https://github.com/gnome/gnome-nds-thumbnailer,False,False,,
https://github.com/azure/azure-docs-sdk-dotnet.tr-tr,False,False,,
https://github.com/microsoft/mcw-ml-ops,False,False,,
https://github.com/microsoft/datascience4managers,False,False,,
https://github.com/microsoft/servicefabricdsc,False,False,,
https://github.com/microsoft/mcw-hybrid-identity,False,False,,
https://github.com/microsoft/devazureciv,False,False,,
https://github.com/microsoft/vs-intellicode,False,False,,
https://github.com/aserto-dev/aserto-idp,False,False,,
https://github.com/aserto-dev/aserto-idp-plugin-azuread,False,False,,
https://github.com/microsoft/commercial-marketplace-client-python,False,False,,
https://github.com/microsoft/winui-3-demos,False,False,,
https://github.com/microsoft/mcw-azure-synapse-analytics-and-ai,False,False,,
https://github.com/microsoft/fundraising-and-engagement,False,False,,
https://github.com/microsoft/mcw-innovate-and-modernize-apps-with-data-and-ai,False,False,,
https://github.com/microsoft/dynamics-365-fraud-protection-manualreview,False,False,,
https://github.com/microsoft/vscode-merge-editor-dev-companion,False,False,,
https://github.com/department-of-veterans-affairs/ngl-mississippi,False,False,,
https://github.com/department-of-veterans-affairs/ngl_kansas,False,False,,
https://github.com/gsa/odp-forseti-constraint-library,False,False,,
https://github.com/department-of-veterans-affairs/ngl-montana,False,False,,
https://github.com/department-of-veterans-affairs/ngl-tennessee,False,False,,
https://github.com/department-of-veterans-affairs/lighthouse-callculon,False,False,,
https://github.com/department-of-veterans-affairs/lighthouse-veteran-verification,False,False,,
https://github.com/cdcgov/data-exchange-devops,False,False,,
https://github.com/pivotal-cf/docs-csb-azure,False,False,,
https://github.com/spring-cloud/spring-cloud-jenkins-jobs,False,False,,
https://github.com/cloudhealth/ar-ondemand,False,False,,
https://github.com/greenplum-db/greenplum-release-engineering-libraries,False,False,,
https://github.com/ornl/fdms_poc,False,False,,
https://github.com/azure/azureml-snippets,False,False,,
https://github.com/microsoft/mcw-oss-paas-and-devops,False,False,,
https://github.com/microsoft/partner-center-billing-recon,False,False,,
https://github.com/grafana/adaptive-metrics-autoapply-action,False,False,,
https://github.com/hewlettpackard/docker-machine-oneview,False,False,,
https://github.com/bengland2/jetpack,False,False,,
https://github.com/bengland2/scale-ci-deploy,False,False,,
https://github.com/splice/sre-exercise,False,False,,
https://github.com/openrewrite/rewrite-nodejs,False,False,,
https://github.com/microsoft/nl-partner-landing-page,False,False,,
https://github.com/smallnest/breakdown,False,False,,
https://github.com/bengland2/backpack,False,False,,
https://github.com/microsoft/mcw-app-modernization,False,False,,
https://github.com/keycloak/keycloak-rest-api-description,False,False,,
https://github.com/open-cluster-management-io/governance-policy-nucleus,False,False,,
https://github.com/kcl-lang/kcl-java,False,False,,
https://github.com/keycloak/keycloak-ui,False,False,,
https://github.com/ory/open-source-support,False,False,,
https://github.com/clean-dependency-project/spring-security53-fnma,False,False,,
https://github.com/bengland2/ceph-linode,False,False,,
https://github.com/smallnest/mping,False,False,,
https://github.com/pivotal-cf/docs-pcf-pws,False,False,,
https://github.com/allinopensource/emmaire-ahtunan,False,False,,
https://github.com/keycloak/keycloak-demo,False,False,,
https://github.com/warrant-dev/warrant-cloudflare-workers,False,False,,
https://github.com/bengland2/benchmark-operator,False,False,,
https://github.com/department-of-veterans-affairs/ngl_illinois,False,False,,
https://github.com/netflix/eslint-config-netflix-dea,False,False,,
https://github.com/department-of-veterans-affairs/ngl-aug-2015,False,False,,
https://github.com/department-of-veterans-affairs/ngl-colorado,False,False,,
https://github.com/department-of-veterans-affairs/ngl-hawaii,False,False,,
https://github.com/department-of-veterans-affairs/ngl_nevada,False,False,,
https://github.com/department-of-veterans-affairs/ngl_south-carolina,False,False,,
https://github.com/pivotal-cf/docs-addon-fim,False,False,,
https://github.com/pivotal-cf/docs-addon-ipsec,False,False,,
https://github.com/pivotal-cf/docs-csb-aws,False,False,,
https://github.com/daytonaio/daytona-podman-provider,False,False,,
https://github.com/gnome/libgnomekbd,False,False,,
https://github.com/huggingface/terraform-aws-vpc,False,False,,
https://github.com/openrewrite/rewrite-java-security,True,False,https://github.com/openrewrite/rewrite-java-security,908932133.0
https://github.com/azure/on-demand-capacity-reservation,False,False,,
https://github.com/azure/azure-functions-jupyter-worker,False,False,,
https://github.com/azure/osdu-bicep,False,False,,
https://github.com/microsoft/moodle,False,False,,
https://github.com/microsoft/dscconfiguration.template,False,False,,
https://github.com/microsoft/dscconfiguration.tests,False,False,,
https://github.com/microsoft/homebrew-mssql-preview,False,False,,
https://github.com/microsoft/homebrew-msodbcsql-test,False,False,,
https://github.com/microsoft/exchangegroupmigration,False,False,,
https://github.com/microsoft/start-cpuburn,False,False,,
https://github.com/cloudhealth/threatstack-chef,False,False,,
https://github.com/azure/azure-docs-sdk-dotnet.hu-hu,False,False,,
https://github.com/azure/azure-docs-sdk-dotnet.pt-pt,False,False,,
https://github.com/azure/azure-docs-sdk-dotnet.ar-sa,False,False,,
https://github.com/parallel-fs-utils/fio,False,False,,
https://github.com/azure/azure-docs-sdk-dotnet.bg-bg,False,False,,
https://github.com/azure/azure-docs-sdk-dotnet.en-sg,False,False,,
https://github.com/microsoft/cela-tag-processing-service,False,False,,
https://github.com/microsoft/mcw-line-of-business-application-migration,False,False,,
https://github.com/microsoft/commercial-marketplace-saas-manual-on-boarding,False,False,,
https://github.com/microsoft/mcw-building-the-business-migration-case-with-windows-server-and-sql-server,False,False,,
https://github.com/gsa/odp-tf-aws-ref-arch-ec2,False,False,,
https://github.com/gsa/searchgov-docker,False,False,,
https://github.com/greenplum-db/filedump,False,False,,
https://github.com/gnome/libgdamm,False,False,,
https://github.com/gnome/buoh,False,False,,
https://github.com/microsoft/windows-ping,False,False,,
https://github.com/microsoft/agieval,False,False,,
https://github.com/microsoft/naturallanguageprogram,False,False,,
https://github.com/microsoft/fr-dai-hol-iac,False,False,,
https://github.com/azure/dotnet-extensions-experimental,False,False,,
https://github.com/azure/c2pa-rs,False,False,,
https://github.com/confluentinc/yum-s3-iam,False,False,,
https://github.com/confluentinc/terraform-state-s3,False,False,,
https://github.com/mongodb/terraform-provider-mongodbatlas-archive,False,False,,
https://github.com/azure/guardrailssolutionaccelerator,False,False,,
https://github.com/microsoft/mcw-machine-learning,False,False,,
https://github.com/aserto-dev/aserto-idp-plugin-auth0,False,False,,
https://github.com/redhat-developer/codeready-workspaces-operator,False,False,,
https://github.com/redhat-developer/devspaces-theia,False,False,,
https://github.com/prisma/shopify-app-js,False,False,,
https://github.com/prisma/challenge-sqlite-database,False,False,,
https://github.com/mongodb/docs-shared,False,False,,
https://github.com/mongodb/terraform-mongodbatlas-modules,False,False,,
https://github.com/microsoft/iryonlp-mediqa-corr-2024,False,False,,
https://github.com/department-of-veterans-affairs/ngl_florida,False,False,,
https://github.com/department-of-veterans-affairs/ngl_alabama,False,False,,
https://github.com/gsa/rpa_test,False,False,,
https://github.com/microsoft/adaptivecloudlab-tf,False,False,,
https://github.com/sassoftware/rbm,False,False,,
https://github.com/greenplum-db/go-gpdb,False,False,,
https://github.com/greenplum-db/gp-xerces,False,False,,
https://github.com/greenplum-db/geospatial,False,False,,
https://github.com/okd-project/okd-operator-index,False,False,,
https://github.com/paradigm4/r_exec,False,False,,
https://github.com/microsoft/mcw-sql-server-hybrid-cloud,False,False,,
https://github.com/azure/azure-rest-api-specs-2,False,False,,
https://github.com/greenplum-db/gpbackup,False,False,,
https://github.com/greenplum-db/greenplumr,False,False,,
https://github.com/microsoft/dataactivator,False,False,,
https://github.com/microsoft/turkana-grid-mapping,False,False,,
https://github.com/paradigm4/faster_redimension,False,False,,
https://github.com/microsoft/kvs-rc-migration-web-orchestrator,False,False,,
https://github.com/openai/bchess-personal,False,False,,
https://github.com/paradigm4/de_rle,False,False,,
https://github.com/department-of-veterans-affairs/ngl_utah,False,False,,
https://github.com/ussba/aws-proton-sample-fargate-service,False,False,,
https://github.com/microsoft/shadow-alignment-mia,False,False,,
https://github.com/gsa/odp-tf-google-monitoring,False,False,,
https://github.com/octoprint/pre-commit-hooks,False,False,,
https://github.com/greenplum-db/gpbackup-s3-plugin,False,False,,
https://github.com/gnome/grilo-mediaserver2,False,False,,
https://github.com/greenplum-db/.github,False,False,,
https://github.com/greenplum-db/plr,False,False,,
https://github.com/greenplum-db/greenplum-for-kubernetes,False,False,,
https://github.com/gnome/libgrss,False,False,,
https://github.com/redhat-developer/che-dockerfiles,False,False,,
https://github.com/redhat-developer/che-functional-tests,False,False,,
https://github.com/hashicorp/learn-terraform,False,False,,
https://github.com/airbytehq/stephane-airbyte,False,False,,
https://github.com/canonical/nrpe-charm,False,False,,
https://github.com/department-of-veterans-affairs/ngl_virginia,False,False,,
https://github.com/department-of-veterans-affairs/ngl_connecticut,False,False,,
https://github.com/department-of-veterans-affairs/ngl_washington,False,False,,
https://github.com/allinopensource/passwordgenerator-mlh-ghw-2023,False,False,,
https://github.com/kubewarden/gtmpl-rust,False,False,,
https://github.com/curiefense/media,False,False,,
https://github.com/vmware/rules_oss_audit,True,True,https://github.com/vmware-archive/rules_oss_audit,420042651.0
https://github.com/open-cluster-management-io/governance-policy-template-sync-archive,False,False,,
https://github.com/aserto-dev/aserto-idp-plugin-aserto,False,False,,
https://github.com/openzipkin-contrib/zipkin-go-opentracing,True,False,https://github.com/openzipkin-contrib/zipkin-go-opentracing,58809526.0
https://github.com/skypy/fullstack-vue,False,False,,
https://github.com/daytonaio/core,False,False,,
https://github.com/cloud-gov/tooling,False,False,,
https://github.com/sassoftware/edx-platform,False,False,,
https://github.com/sassoftware/anaconda,False,False,,
https://github.com/pivotal/tpc-ds,False,False,,
https://github.com/gnome/at-spi2-atk,False,False,,
https://github.com/gnome/valadoc,False,False,,
https://github.com/vmware/service-level-indicator-exporter-for-kafka,True,True,https://github.com/vmware-archive/service-level-indicator-exporter-for-kafka,561875767.0
https://github.com/apache/logging-flume-irc,True,False,https://github.com/apache/logging-flume-irc,615490022.0
https://github.com/osohq/repository-api-oso-authorization,False,False,,
https://github.com/microsoft/fast-cli,False,False,,
https://github.com/department-of-veterans-affairs/lighthouse-docserver,False,False,,
https://github.com/department-of-veterans-affairs/lighthouse-mock-emis,False,False,,
https://github.com/department-of-veterans-affairs/health-apis-mock-eligibility-and-enrollment,False,False,,
https://github.com/eclipse-uprotocol/up-client-sommr-rust,False,False,,
https://github.com/enterprise-cmcs/mac-fc-security-hub-visibility-enterprise-jira,False,False,,
https://github.com/apache/activemq-artemis-console-plugin,False,False,,
https://github.com/bengland2/jetski,False,False,,
https://github.com/bengland2/linode_api4-python,False,False,,
https://github.com/bengland2/ocp4_upi_baremetal,False,False,,
https://github.com/bengland2/magazine,False,False,,
https://github.com/bengland2/openshift-accessories,False,False,,
https://github.com/bengland2/touchstone,False,False,,
https://github.com/microsoft/mcw-real-time-data-with-azure-database-for-postgresql-hyperscale,False,False,,
https://github.com/bengland2/pbench,False,False,,
https://github.com/mattwilkinsonn/aws-os-connection,False,False,,
https://github.com/microsoft/mcw-microservices-architecture,False,False,,
https://github.com/azure/azure-docs-sdk-dotnet.ja-jp,False,False,,
https://github.com/azure/azure-docs-sdk-dotnet.nl-nl,False,False,,
https://github.com/department-of-veterans-affairs/ngl-delaware,False,False,,
https://github.com/sassoftware/xml_resources,False,False,,
https://github.com/cds-snc/terraform-aws-control_tower_account_factory,False,False,,
https://github.com/owasp/www-project-owasp-bcprivacy--the-owasp-privacy-toolkit,False,False,,
https://github.com/inspect-js/has-symbols,True,False,https://github.com/inspect-js/has-symbols,68573418.0
https://github.com/daytonaio/daytona-aws-provider,False,False,,
https://github.com/aserto-dev/aserto-go,False,False,,
https://github.com/apache/sdap-doms,True,False,https://github.com/apache/sdap-doms,108511085.0
https://github.com/hhs/fda-everytrycounts,False,False,,
https://github.com/paradigm4/quotes,False,False,,
https://github.com/department-of-veterans-affairs/ngl_kentucky,False,False,,
https://github.com/bbc/pan-bbc-churn-predictions,False,False,,
https://github.com/kkhaike/contextcheck,True,False,https://github.com/kkHAIKE/contextcheck,401315054.0
https://github.com/department-of-veterans-affairs/safe-settings,False,False,,
https://github.com/sassoftware/repodata,False,False,,
https://github.com/microsoft/commercial-marketplace-meters-accelerator,False,False,,
https://github.com/microsoft/al-go-pte-pppreview,False,False,,
https://github.com/openrewrite/rewrite-terraform,False,False,,
https://github.com/geomscale/gsoc20,True,False,https://github.com/GeomScale/gsoc20,233793588.0
https://github.com/openrewrite/rewrite-polyglot,True,False,https://github.com/openrewrite/rewrite-polyglot,410325034.0
https://github.com/openrewrite/rules_rewrite,False,False,,
https://github.com/kiegroup/incubator-kie-tools,False,False,,
https://github.com/gsa/livebooks,False,False,,
https://github.com/microsoft/mcw-big-data-analytics-and-visualization,False,False,,
https://github.com/microsoft/mcw-windows-server-and-sql-server-2008-r2-end-of-support-planning,False,False,,
https://github.com/microsoft/intune-powershell-management,False,False,,
https://github.com/postman-open-technologies/gsoc-2024,False,False,,
https://github.com/openrewrite/rewrite-migrate-python,False,False,,
https://github.com/azure/cachebrowns,False,False,,
https://github.com/vmware-archive/ansible-role-cloud-to-edge-vm,True,False,https://github.com/vmware-archive/ansible-role-cloud-to-edge-vm,154689031.0
https://github.com/department-of-veterans-affairs/health-apis-aws-interfaces,False,False,,
https://github.com/vmware-archive/transport-go,True,False,https://github.com/vmware-archive/transport-go,313632854.0
https://github.com/department-of-veterans-affairs/ngl_maine,False,False,,
https://github.com/department-of-veterans-affairs/ngl-kentucky,False,False,,
https://github.com/microsoft/gestures-samples,False,False,,
https://github.com/terra-money/terra-utils,False,False,,
https://github.com/department-of-veterans-affairs/ngl-alabama,False,False,,
https://github.com/department-of-veterans-affairs/ngl_-florida,False,False,,
https://github.com/k8snetworkplumbingwg/sriovnet,True,False,https://github.com/k8snetworkplumbingwg/sriovnet,127165447.0
https://github.com/department-of-veterans-affairs/ngl_new-mexico,False,False,,
https://github.com/paradigm4/taq,False,False,,
https://github.com/geomscale/gsoc22,True,False,https://github.com/GeomScale/gsoc22,449235004.0
https://github.com/cisagov/setup-packer,False,False,,
https://github.com/dfcreative/color-name,True,True,https://github.com/colorjs/color-name,27038309.0
https://github.com/clean-dependency-project/spring-framework-fnma53,False,False,,
https://github.com/jaredwray/flat-cache,False,False,,
https://github.com/redis/spring-batch-redis,False,False,,
https://github.com/soulwallet/detect-gamestop-provider,False,False,,
https://github.com/soulwallet/bundler-server-deprecated,False,False,,
https://github.com/dsacms/party-planning-website,False,False,,
https://github.com/shahata/dasherize,False,False,,
https://github.com/pivotal-cf/docs-stemcell-rn,False,False,,
https://github.com/18f/fleet,False,False,,
https://github.com/department-of-veterans-affairs/ngl_arizona,False,False,,
https://github.com/pivotal-cf/docs-metric-registrar,False,False,,
https://github.com/department-of-veterans-affairs/ngl_colorado,False,False,,
https://github.com/microsoft/mcw-cosmos-db-real-time-advanced-analytics,False,False,,
https://github.com/fanniemaeopensource/university-of-maryland-bitcamp-2023-challenge,False,False,,
https://github.com/redhatinsights/patchman-engine-deps,False,False,,
https://github.com/azure/azure-appservices-diagnostics-kustoingestor,False,False,,
https://github.com/azure/azure-docs-sdk-dotnet.zh-tw,False,False,,
https://github.com/azure/aks-tls-bootstrap,False,False,,
https://github.com/azure/noopsaccelerator,False,False,,
https://github.com/elastic/sast-pov-cloud-on-k8s,False,False,,
https://github.com/elastic/elasticon,False,False,,
https://github.com/elastic/sast-pov-beats,False,False,,
https://github.com/microsoft/deepdevdocs,False,False,,
https://github.com/microsoft/commercial-marketplace-client-node,False,False,,
https://github.com/microsoft/waflab-hyperscan-test,False,False,,
https://github.com/pivotal-cf/docs-addon-antivirus,False,False,,
https://github.com/pivotal-cf/docs-on-demand-service-broker,False,False,,
https://github.com/pivotal-cf/docs-operating-pas,False,False,,
https://github.com/cytoscape/legend-creator-new,False,False,,
https://github.com/gnome/gnome-common,False,False,,
https://github.com/gnome/gnome-ostree-integration,False,False,,
https://github.com/gnome/libgtkmusic,False,False,,
https://github.com/gnome/gst-debugger,False,False,,
https://github.com/gnome/gnome-shell-sass,False,False,,
https://github.com/gnome/gnome-internet-radio-locator,False,False,,
https://github.com/gnome/libgfbgraph,False,False,,
https://github.com/apache/logging-flume-jms,True,False,https://github.com/apache/logging-flume-jms,615489839.0
https://github.com/mattwilkinsonn/rust-claims,False,False,,
https://github.com/apache/logging-flume-http,True,False,https://github.com/apache/logging-flume-http,615490156.0
https://github.com/renstrom/dedent,True,True,https://github.com/lithammer/dedent,32876186.0
https://github.com/nlnetlabs/draft-koekkoek-dnsop-zone-file-format,False,False,,
https://github.com/jaredwray/file-entry-cache,False,False,,
https://github.com/carvel-dev/starlark-go,True,False,https://github.com/carvel-dev/starlark-go,238977572.0
https://github.com/vmware-archive/image-relocation,True,False,https://github.com/vmware-archive/image-relocation,177621305.0
https://github.com/vmware-archive/wavefront-plugin-for-jenkins,True,False,https://github.com/vmware-archive/wavefront-plugin-for-jenkins,214388104.0
https://github.com/curiefense/curiefense-gitbook,False,False,,
https://github.com/curiefense/curiefense-helm,False,False,,
https://github.com/paradigm4/binary_load_example,False,False,,
https://github.com/gnome/gedit-plugins,False,False,,
https://github.com/gnome/atk,False,False,,
https://github.com/paradigm4/secure_scan,False,False,,
https://github.com/worldhealthorganization/ems2-common-services,False,False,,
https://github.com/paradigm4/shift,False,False,,
https://github.com/paradigm4/elastic_resource_groups,False,False,,
https://github.com/paradigm4/rv-stream,False,False,,
https://github.com/smallnest/iptv,False,False,,
https://github.com/ebay/zeta,False,False,,
https://github.com/scilifelabdatacentre/kiarva-frontend,False,False,,
https://github.com/scilifelabdatacentre/kiarva-backend,False,False,,
https://github.com/microsoft/-azure-data-services-go-fast-codebase-es-dmz,False,False,,
https://github.com/fedora-infra/fedora-college,False,False,,
https://github.com/kcl-lang/kcl-py,False,False,,
https://github.com/microsoft/reactors,False,False,,
https://github.com/microsoft/forecasting,False,False,,
https://github.com/paradigm4/pkgdown,False,False,,
https://github.com/microsoft/azure-quickstart-templates,False,False,,
https://github.com/greenplum-db/gpdb,False,False,,
https://github.com/sassoftware/azure-quickstart-templates,False,False,,
https://github.com/greenplum-db/gpupgrade,False,False,,
https://github.com/gnome/gnome-themes-extra,False,False,,
https://github.com/gnome/tracker-miners,False,False,,
https://github.com/gsa/odp-vulnerablewebapp,False,False,,
https://github.com/intel/fineibt_glibc,False,False,,
https://github.com/gnome/glade,False,False,,
https://github.com/sassoftware/hq,False,False,,
https://github.com/elastic/wordlake-staging,False,False,,
https://github.com/azure/azure-powershell-1,False,False,,
https://github.com/azure/azure-ai-content-safety-private-preview,False,False,,
https://github.com/paradigm4/wearable_prototypes,False,False,,
https://github.com/nasa/now-in-space,False,False,,
https://github.com/dotnet/immo-redirection-test-renamed,False,False,,
https://github.com/bokeh/bokehplots.com,False,False,,
https://github.com/microsoft/mcw-azure-security-and-management,False,False,,
https://github.com/microsoft/mcw-lift-and-shift-azure-resource-manager,False,False,,
https://github.com/azure/c2pa-js,False,False,,
https://github.com/microsoft/iqengine,False,False,,
https://github.com/werf/kubedog,True,False,https://github.com/werf/kubedog,152135517.0
https://github.com/microsoft/mcw-enterprise-class-networking,False,False,,
https://github.com/bokeh/blog.bokeh.org,False,False,,
https://github.com/microsoft/officecppguidelines,False,False,,
https://github.com/quantecon/book-networks,False,False,,
https://github.com/kcl-lang/kcl-dotnet,False,False,,
https://github.com/kcl-lang/kcl-js,False,False,,
https://github.com/kcl-lang/app2kube,False,False,,
https://github.com/opcr-io/oras-go,False,False,,
https://github.com/department-of-veterans-affairs/health-apis-kong,False,False,,
https://github.com/servicemeshinterface/smi-sdk-go,True,False,https://github.com/servicemeshinterface/smi-sdk-go,184296045.0
https://github.com/azure/azure-ai-model-catalog,False,False,,
https://github.com/azure/mqttbrokerprivatepreview,False,False,,
https://github.com/microsoft/techcasestudies,False,False,,
https://github.com/azure/azure-iot-mobility-digitaltwin,False,False,,
https://github.com/scientific-python/nightly-wheels,False,False,,
https://github.com/paradigm4/arrayopr,False,False,,
https://github.com/department-of-veterans-affairs/health-apis-eligibility-and-enrollment-client,False,False,,
https://github.com/netflix/titus-resource-pool,False,False,,
https://github.com/paradigm4/shim,False,False,,
https://github.com/department-of-veterans-affairs/ngl_missouri,False,False,,
https://github.com/department-of-veterans-affairs/ngl_washingtondc,False,False,,
https://github.com/department-of-veterans-affairs/ngl-washington,False,False,,
https://github.com/department-of-veterans-affairs/ngl-arkansas,False,False,,
https://github.com/digitalservicebund/govuk-design-system,False,False,,
https://github.com/department-of-veterans-affairs/ngl_west-virginia,False,False,,
https://github.com/department-of-veterans-affairs/lighthouse-platform-backend,False,False,,
https://github.com/18f/draft-rfq-fns-nac,False,False,,
https://github.com/18f/tlc-crew,False,False,,
https://github.com/department-of-veterans-affairs/techjam,False,False,,
https://github.com/department-of-veterans-affairs/ngl_michigan,False,False,,
https://github.com/department-of-veterans-affairs/ngl_massachusetts,False,False,,
https://github.com/department-of-veterans-affairs/ngl_tennessee,False,False,,
https://github.com/department-of-veterans-affairs/ngl-virginia,False,False,,
https://github.com/department-of-veterans-affairs/ngl-kansas,False,False,,
https://github.com/department-of-veterans-affairs/ngl-ohio,False,False,,
https://github.com/department-of-veterans-affairs/nca-ngl-aug-2015,False,False,,
https://github.com/department-of-veterans-affairs/ngl_north_carolina,False,False,,
https://github.com/department-of-veterans-affairs/ngl-maryland,False,False,,
https://github.com/department-of-veterans-affairs/ngl_usa_territoties,False,False,,
https://github.com/department-of-veterans-affairs/ngl-alaska,False,False,,
https://github.com/department-of-veterans-affairs/ngl-nebraska,False,False,,
https://github.com/department-of-veterans-affairs/ngl_georgia,False,False,,
https://github.com/department-of-veterans-affairs/ngl_new_york,False,False,,
https://github.com/department-of-veterans-affairs/ngl-iowa,False,False,,
https://github.com/department-of-veterans-affairs/ngl_new_mexico,False,False,,
https://github.com/department-of-veterans-affairs/ngl_indiana,False,False,,
https://github.com/department-of-veterans-affairs/ngl-nevada,False,False,,
https://github.com/department-of-veterans-affairs/connect_vbms,False,False,,
https://github.com/department-of-veterans-affairs/caseflow-efolder,False,False,,
https://github.com/department-of-veterans-affairs/ngl-minnesota,False,False,,
https://github.com/department-of-veterans-affairs/ngl_south-dakota,False,False,,
https://github.com/department-of-veterans-affairs/lighthouse-auth-utils,False,False,,
https://github.com/department-of-veterans-affairs/ngl_minnesota,False,False,,
https://github.com/department-of-veterans-affairs/ngl_delaware,False,False,,
https://github.com/department-of-veterans-affairs/ngl_texas,False,False,,
https://github.com/department-of-veterans-affairs/ngl_iowa,False,False,,
https://github.com/department-of-veterans-affairs/ngl_california,False,False,,
https://github.com/department-of-veterans-affairs/ngl_mississippi,False,False,,
https://github.com/department-of-veterans-affairs/ngl_arkansas,False,False,,
https://github.com/department-of-veterans-affairs/ngl_hawaii,False,False,,
https://github.com/department-of-veterans-affairs/ngl_south_dakota,False,False,,
https://github.com/department-of-veterans-affairs/ngl_ohio,False,False,,
https://github.com/department-of-veterans-affairs/ngl_new_jersey,False,False,,
https://github.com/department-of-veterans-affairs/ngl-connecticut,False,False,,
https://github.com/department-of-veterans-affairs/ngl_vermont,False,False,,
https://github.com/department-of-veterans-affairs/ngl-oregon,False,False,,
https://github.com/department-of-veterans-affairs/ngl_west_virginia,False,False,,
https://github.com/department-of-veterans-affairs/ngl-utah,False,False,,
https://github.com/department-of-veterans-affairs/ngl-texas,False,False,,
https://github.com/department-of-veterans-affairs/ngl-michigan,False,False,,
https://github.com/department-of-veterans-affairs/ngl_rhode-island,False,False,,
https://github.com/department-of-veterans-affairs/ngl_usa-territoties,False,False,,
https://github.com/department-of-veterans-affairs/ngl_north-carolina,False,False,,
https://github.com/department-of-veterans-affairs/ngl-oklahoma,False,False,,
https://github.com/department-of-veterans-affairs/ngl_north-dakota,False,False,,
https://github.com/department-of-veterans-affairs/ngl_new-hampshire,False,False,,
https://github.com/department-of-veterans-affairs/health-apis-conformance-unifier,False,False,,
https://github.com/department-of-veterans-affairs/lighthouse-saml-utils,False,False,,
https://github.com/department-of-veterans-affairs/lighthouse-oauth-proxy,False,False,,
https://github.com/gsa/odp-cf-service-catalog,False,False,,
https://github.com/gsa/odp-lqtmtest,False,False,,
https://github.com/gsa/odp-tf-aws-ref-arch-waf-regional,False,False,,
https://github.com/gsa/less-rails-bootstrap,False,False,,
https://github.com/cmsgov/serverless-s3-bucket-helper,True,True,https://github.com/Enterprise-CMCS/serverless-s3-bucket-helper,400239263.0
https://github.com/cmsgov/serverless-idempotency-helper,True,True,https://github.com/Enterprise-CMCS/serverless-idempotency-helper,400238896.0
https://github.com/cdd/cdd-terraform-aws-atlantis,False,False,,
https://github.com/skypy/dracula-theme,False,False,,
https://github.com/paradigm4/bridge,False,False,,
https://github.com/ussba/reference-architecture,False,False,,
https://github.com/alphagov/di-ipv-core-tests,False,False,,
https://github.com/alphagov/learningtime-jy-sem1,False,False,,
https://github.com/alphagov/govwifi-concourse-deploy-pipeline,False,False,,
https://github.com/alphagov/gdx-vision-prototypes,True,True,https://github.com/alphagov/di-rad-prototypes,566810116.0
https://github.com/alphagov/di-ipv-cri-fraud-api,False,False,,
https://github.com/bokeh/distributed,False,False,,
https://github.com/department-of-veterans-affairs/health-apis-fhir-resources,False,False,,
https://github.com/alphagov/govuk-ruby,False,False,,
https://github.com/alphagov/test-repo-chris,False,False,,
https://github.com/sassoftware/vdmml-trials-challenge,False,False,,
https://github.com/greenplum-db/pxf,False,False,,
https://github.com/microsoft/openocd,False,False,,
https://github.com/alphagov/open-data-certificate,False,False,,
https://github.com/gnome/gedit,False,False,,
https://github.com/gnome/tracker,False,False,,
https://github.com/elastic/sast-pov-kibana-h1,False,False,,
https://github.com/microsoft/mcw-azure-stack,False,False,,
https://github.com/greenplum-db/pljava,False,False,,
https://github.com/gnome/gnome-mud,False,False,,
https://github.com/gnome/gdl,False,False,,
https://github.com/department-of-veterans-affairs/tech-jam-2013---cognizant,False,False,,
https://github.com/department-of-veterans-affairs/swagger-examples-maven-plugin,False,False,,
https://github.com/bbc/viewporter,False,False,,
https://github.com/microsoft/dotnet-framework-early-access,False,False,,
https://github.com/vmware/cloud-to-edge-automation,True,True,https://github.com/vmware-archive/cloud-to-edge-automation,154689304.0
https://github.com/microsoft/mcw-media-ai,False,False,,
https://github.com/azure/azure-docs,False,False,,
https://github.com/bengland2/ceph,False,False,,
https://github.com/vmware-samples/vrealize-automation-content-generator,True,True,https://github.com/vmware-archive/vrealize-automation-content-generator,378111793.0
https://github.com/greenplum-db/gp-stream-server-plugin,False,False,,
https://github.com/llvm/llvm-project-ci-bridge,False,False,,
https://github.com/redhatinsights/insights-core-1,False,False,,
https://github.com/alphagov/pay-frontend-with-percy-testing,False,False,,
https://github.com/department-of-veterans-affairs/tech-jam-2013---vcare,False,False,,
https://github.com/department-of-veterans-affairs/tech-jam-2013---team-double-impact,False,False,,
https://github.com/greenplum-db/pgbouncer,False,False,,
https://github.com/department-of-veterans-affairs/tech-jam-2013---rambo-tango-panda-,False,False,,
https://github.com/department-of-veterans-affairs/tech-jam-fall-2013---awesome-nighthawks,False,False,,
https://github.com/paradigm4/orderbook-example,False,False,,
https://github.com/department-of-veterans-affairs/tech-jam-2013---team-dbgt-cary,False,False,,
https://github.com/pivotal-cf/docs-mysql,False,False,,
https://github.com/pivotal-cf/docs-spring-cloud-dataflow-k8s,False,False,,
https://github.com/pivotal-cf/docs-mysql-k8s,False,False,,
https://github.com/greenplum-db/diskquota,False,False,,
https://github.com/digitalservicebund/digitalcheck-tool-finder,False,False,,
https://github.com/belaban/ironjacamar,False,False,,
https://github.com/elastic/apm-server-1,False,False,,
https://github.com/department-of-veterans-affairs/caseflow,False,False,,
https://github.com/fedora-infra/resultsdb-operator,False,False,,
